{
  "LogisticRegression": {
    "CV_AUC_mean": 0.9452631753037304,
    "CV_AUC_std": 0.007696070476655905,
    "CV_F1_mean": 0.6356170047181283,
    "CV_F1_std": 0.034451295652252946
  },
  "RandomForest": {
    "CV_AUC_mean": 0.9473657874449625,
    "CV_AUC_std": 0.009659775890551617,
    "CV_F1_mean": 0.6208244125658741,
    "CV_F1_std": 0.0449643769405347
  },
  "GradientBoosting": {
    "CV_AUC_mean": 0.9403210739589989,
    "CV_AUC_std": 0.011957710199472959,
    "CV_F1_mean": 0.6236624822608549,
    "CV_F1_std": 0.041265997702450916
  },
  "XGBoost": {
    "CV_AUC_mean": 0.9393012994703438,
    "CV_AUC_std": 0.007672637213416701,
    "CV_F1_mean": 0.6164657272457601,
    "CV_F1_std": 0.03190748652957365
  }
}